Workbook
Name Bang2: 'bai 2'!$A$15:$K$26
Name bangcuuchuong: #REF!
Name DONG_1: 'bai 2'!$B$16:$K$16
Name COT_1: 'bai 2'!$A$17:$A$26
Name BangCuuChuong1: 'bai 2'!$A$2:$K$12

Sheet bai 1
A1: a)
A2: a | B2: b | C2: a>b | D2: a<b | E2: a>=b | F2: a<=b | G2: a=b | H2: a<>b
A3: 47 | B3: 23 | C3: =A3>B3 -> TRUE | D3: =A3<B3 -> FALSE | E3: =A3>=B3 -> TRUE | F3: =A3<=B3 -> FALSE | G3: =A3=B3 -> FALSE | H3: =A3<>B3 -> TRUE
A4: 58 | B4: 58 | C4: =A4>B4 -> FALSE | D4: =A4<B4 -> FALSE | E4: =A4>=B4 -> TRUE | F4: =A4<=B4 -> TRUE | G4: =A4=B4 -> TRUE | H4: =A4<>B4 -> FALSE
A5: 12 | B5: 49 | C5: =A5>B5 -> FALSE | D5: =A5<B5 -> TRUE | E5: =A5>=B5 -> FALSE | F5: =A5<=B5 -> TRUE | G5: =A5=B5 -> FALSE | H5: =A5<>B5 -> TRUE
A6: 35 | B6: 75 | C6: =A6>B6 -> FALSE | D6: =A6<B6 -> TRUE | E6: =A6>=B6 -> FALSE | F6: =A6<=B6 -> TRUE | G6: =A6=B6 -> FALSE | H6: =A6<>B6 -> TRUE
A7: b)
A8: GIÁ TRỊ | D8: TÍNH
A9: A | B9: B | C9: C | D9: D = B2 - 4AC | E9: SQRT(D) | F9: X1 | G9: X2
A10: 1 | B10: -9 | C10: 1 | D10: =B10^2-4*A10*C10 -> 77 | E10: =SQRT(D10) -> 8.7749644 | F10: =(-B10+E10)/(2*A10) -> 8.8874822 | G10: =(-B10-E10)/(2*A10) -> 0.11251781
A11: 2 | B11: -7 | C11: 2.5 | D11: =B11^2-4*A11*C11 -> 29 | E11: =SQRT(D11) -> 5.3851648 | F11: =(-B11+E11)/(2*A11) -> 3.0962912 | G11: =(-B11-E11)/(2*A11) -> 0.4037088
A12: 3 | B12: 7 | C12: 4 | D12: =B12^2-4*A12*C12 -> 1 | E12: =SQRT(D12) -> 1 | F12: =(-B12+E12)/(2*A12) -> -1 | G12: =(-B12-E12)/(2*A12) -> -1.3333333
A13: 4 | B13: 12 | C13: 5.5 | D13: =B13^2-4*A13*C13 -> 56 | E13: =SQRT(D13) -> 7.4833148 | F13: =(-B13+E13)/(2*A13) -> -0.56458565 | G13: =(-B13-E13)/(2*A13) -> -2.4354143
A14: 1 | B14: 14 | C14: 7 | D14: =B14^2-4*A14*C14 -> 168 | E14: =SQRT(D14) -> 12.961481 | F14: =(-B14+E14)/(2*A14) -> -0.5192593 | G14: =(-B14-E14)/(2*A14) -> -13.480741
A15: 2 | B15: 22 | C15: 8.5 | D15: =B15^2-4*A15*C15 -> 416 | E15: =SQRT(D15) -> 20.396078 | F15: =(-B15+E15)/(2*A15) -> -0.40098049 | G15: =(-B15-E15)/(2*A15) -> -10.59902
A16: 3 | B16: 20 | C16: 10 | D16: =B16^2-4*A16*C16 -> 280 | E16: =SQRT(D16) -> 16.733201 | F16: =(-B16+E16)/(2*A16) -> -0.54446658 | G16: =(-B16-E16)/(2*A16) -> -6.1222001
A17: 4 | B17: 19 | C17: 11.5 | D17: =B17^2-4*A17*C17 -> 177 | E17: =SQRT(D17) -> 13.304135 | F17: =(-B17+E17)/(2*A17) -> -0.71198316 | G17: =(-B17-E17)/(2*A17) -> -4.0380168

Sheet bai 2
A1: BẢNG CỬU CHƯƠNG
B2: 1 | C2: 2 | D2: 3 | E2: 4 | F2: 5 | G2: 6 | H2: 7 | I2: 8 | J2: 9 | K2: 10
A3: 1 | B3: =$A3*B$2 -> 1 | C3: =$A3*C$2 -> 2 | D3: =$A3*D$2 -> 3 | E3: =$A3*E$2 -> 4 | F3: =$A3*F$2 -> 5 | G3: =$A3*G$2 -> 6 | H3: =$A3*H$2 -> 7 | I3: =$A3*I$2 -> 8 | ... K3: =$A3*K$2 -> 10
A4: 2 | B4: =$A4*B$2 -> 2 | C4: =$A4*C$2 -> 4 | D4: =$A4*D$2 -> 6 | E4: =$A4*E$2 -> 8 | F4: =$A4*F$2 -> 10 | G4: =$A4*G$2 -> 12 | H4: =$A4*H$2 -> 14 | I4: =$A4*I$2 -> 16 | ... K4: =$A4*K$2 -> 20
A5: 3 | B5: =$A5*B$2 -> 3 | C5: =$A5*C$2 -> 6 | D5: =$A5*D$2 -> 9 | E5: =$A5*E$2 -> 12 | F5: =$A5*F$2 -> 15 | G5: =$A5*G$2 -> 18 | H5: =$A5*H$2 -> 21 | I5: =$A5*I$2 -> 24 | ... K5: =$A5*K$2 -> 30
A6: 4 | B6: =$A6*B$2 -> 4 | C6: =$A6*C$2 -> 8 | D6: =$A6*D$2 -> 12 | E6: =$A6*E$2 -> 16 | F6: =$A6*F$2 -> 20 | G6: =$A6*G$2 -> 24 | H6: =$A6*H$2 -> 28 | I6: =$A6*I$2 -> 32 | ... K6: =$A6*K$2 -> 40
A7: 5 | B7: =$A7*B$2 -> 5 | C7: =$A7*C$2 -> 10 | D7: =$A7*D$2 -> 15 | E7: =$A7*E$2 -> 20 | F7: =$A7*F$2 -> 25 | G7: =$A7*G$2 -> 30 | H7: =$A7*H$2 -> 35 | I7: =$A7*I$2 -> 40 | ... K7: =$A7*K$2 -> 50
A8: 6 | B8: =$A8*B$2 -> 6 | C8: =$A8*C$2 -> 12 | D8: =$A8*D$2 -> 18 | E8: =$A8*E$2 -> 24 | F8: =$A8*F$2 -> 30 | G8: =$A8*G$2 -> 36 | H8: =$A8*H$2 -> 42 | I8: =$A8*I$2 -> 48 | ... K8: =$A8*K$2 -> 60
A9: 7 | B9: =$A9*B$2 -> 7 | C9: =$A9*C$2 -> 14 | D9: =$A9*D$2 -> 21 | E9: =$A9*E$2 -> 28 | F9: =$A9*F$2 -> 35 | G9: =$A9*G$2 -> 42 | H9: =$A9*H$2 -> 49 | I9: =$A9*I$2 -> 56 | ... K9: =$A9*K$2 -> 70
A10: 8 | B10: =$A10*B$2 -> 8 | C10: =$A10*C$2 -> 16 | D10: =$A10*D$2 -> 24 | E10: =$A10*E$2 -> 32 | F10: =$A10*F$2 -> 40 | G10: =$A10*G$2 -> 48 | H10: =$A10*H$2 -> 56 | I10: =$A10*I$2 -> 64 | ... K10: =$A10*K$2 -> 80
A11: 9 | B11: =$A11*B$2 -> 9 | C11: =$A11*C$2 -> 18 | D11: =$A11*D$2 -> 27 | E11: =$A11*E$2 -> 36 | F11: =$A11*F$2 -> 45 | G11: =$A11*G$2 -> 54 | H11: =$A11*H$2 -> 63 | I11: =$A11*I$2 -> 72 | ... K11: =$A11*K$2 -> 90
A12: 10 | B12: =$A12*B$2 -> 10 | C12: =$A12*C$2 -> 20 | D12: =$A12*D$2 -> 30 | E12: =$A12*E$2 -> 40 | F12: =$A12*F$2 -> 50 | G12: =$A12*G$2 -> 60 | H12: =$A12*H$2 -> 70 | I12: =$A12*I$2 -> 80 | ... K12: =$A12*K$2 -> 100
A15: BẢNG CỬU CHƯƠNG
B16: 1 | C16: 2 | D16: 3 | E16: 4 | F16: 5 | G16: 6 | H16: 7 | I16: 8 | J16: 9 | K16: 10
A17: 1 | B17: =DONG_1*COT_1 -> 1 | C17: =DONG_1*COT_1 -> 2 | D17: =DONG_1*COT_1 -> 3 | E17: =DONG_1*COT_1 -> 4 | F17: =DONG_1*COT_1 -> 5 | G17: =DONG_1*COT_1 -> 6 | H17: =DONG_1*COT_1 -> 7 | I17: =DONG_1*COT_1 -> 8 | ... K17: =DONG_1*COT_1 -> 10
A18: 2 | B18: =DONG_1*COT_1 -> 2 | C18: =DONG_1*COT_1 -> 4 | D18: =DONG_1*COT_1 -> 6 | E18: =DONG_1*COT_1 -> 8 | F18: =DONG_1*COT_1 -> 10 | G18: =DONG_1*COT_1 -> 12 | H18: =DONG_1*COT_1 -> 14 | I18: =DONG_1*COT_1 -> 16 | ... K18: =DONG_1*COT_1 -> 20
A19: 3 | B19: =DONG_1*COT_1 -> 3 | C19: =DONG_1*COT_1 -> 6 | D19: =DONG_1*COT_1 -> 9 | E19: =DONG_1*COT_1 -> 12 | F19: =DONG_1*COT_1 -> 15 | G19: =DONG_1*COT_1 -> 18 | H19: =DONG_1*COT_1 -> 21 | I19: =DONG_1*COT_1 -> 24 | ... K19: =DONG_1*COT_1 -> 30
A20: 4 | B20: =DONG_1*COT_1 -> 4 | C20: =DONG_1*COT_1 -> 8 | D20: =DONG_1*COT_1 -> 12 | E20: =DONG_1*COT_1 -> 16 | F20: =DONG_1*COT_1 -> 20 | G20: =DONG_1*COT_1 -> 24 | H20: =DONG_1*COT_1 -> 28 | I20: =DONG_1*COT_1 -> 32 | ... K20: =DONG_1*COT_1 -> 40
A21: 5 | B21: =DONG_1*COT_1 -> 5 | C21: =DONG_1*COT_1 -> 10 | D21: =DONG_1*COT_1 -> 15 | E21: =DONG_1*COT_1 -> 20 | F21: =DONG_1*COT_1 -> 25 | G21: =DONG_1*COT_1 -> 30 | H21: =DONG_1*COT_1 -> 35 | I21: =DONG_1*COT_1 -> 40 | ... K21: =DONG_1*COT_1 -> 50
A22: 6 | B22: =DONG_1*COT_1 -> 6 | C22: =DONG_1*COT_1 -> 12 | D22: =DONG_1*COT_1 -> 18 | E22: =DONG_1*COT_1 -> 24 | F22: =DONG_1*COT_1 -> 30 | G22: =DONG_1*COT_1 -> 36 | H22: =DONG_1*COT_1 -> 42 | I22: =DONG_1*COT_1 -> 48 | ... K22: =DONG_1*COT_1 -> 60
A23: 7 | B23: =DONG_1*COT_1 -> 7 | C23: =DONG_1*COT_1 -> 14 | D23: =DONG_1*COT_1 -> 21 | E23: =DONG_1*COT_1 -> 28 | F23: =DONG_1*COT_1 -> 35 | G23: =DONG_1*COT_1 -> 42 | H23: =DONG_1*COT_1 -> 49 | I23: =DONG_1*COT_1 -> 56 | ... K23: =DONG_1*COT_1 -> 70
A24: 8 | B24: =DONG_1*COT_1 -> 8 | C24: =DONG_1*COT_1 -> 16 | D24: =DONG_1*COT_1 -> 24 | E24: =DONG_1*COT_1 -> 32 | F24: =DONG_1*COT_1 -> 40 | G24: =DONG_1*COT_1 -> 48 | H24: =DONG_1*COT_1 -> 56 | I24: =DONG_1*COT_1 -> 64 | ... K24: =DONG_1*COT_1 -> 80
A25: 9 | B25: =DONG_1*COT_1 -> 9 | C25: =DONG_1*COT_1 -> 18 | D25: =DONG_1*COT_1 -> 27 | E25: =DONG_1*COT_1 -> 36 | F25: =DONG_1*COT_1 -> 45 | G25: =DONG_1*COT_1 -> 54 | H25: =DONG_1*COT_1 -> 63 | I25: =DONG_1*COT_1 -> 72 | ... K25: =DONG_1*COT_1 -> 90
A26: 10 | B26: =DONG_1*COT_1 -> 10 | C26: =DONG_1*COT_1 -> 20 | D26: =DONG_1*COT_1 -> 30 | E26: =DONG_1*COT_1 -> 40 | F26: =DONG_1*COT_1 -> 50 | G26: =DONG_1*COT_1 -> 60 | H26: =DONG_1*COT_1 -> 70 | I26: =DONG_1*COT_1 -> 80 | ... K26: =DONG_1*COT_1 -> 100

Sheet bai 3
A1: BẢNG KÊ DOANH THU TRONG NĂM 2016
G2: % tăng giá: | H2: 0.1
A3: S T T | B3: MÃ HÀNG | C3: SỐ LƯỢNG | D3: GIÁ MUA | E3: TĂNG GIÁ | F3: THÀNH TIỀN | G3: CƯỚC CHUYÊN CHỞ | H3: DOANH THU
A4: 1 | B4: A1 | C4: 100 | D4: 400 | E4: =D4*$H$2 -> 40 | F4: =C4*(D4+E4) -> 44000 | G4: =C4*1500 -> 150000 | H4: =F4+G4 -> 194000 | J4: Số ô chứa số trong khối B4:D11 | M4: =COUNT(B4:D11) -> 14
A5: 2 | B5: A2 | C5: 50 | D5: 150 | E5: =D5*$H$2 -> 15 | F5: =C5*(D5+E5) -> 8250 | G5: =C5*1500 -> 75000 | H5: =F5+G5 -> 83250
A6: 3 | B6: A3 | C6: 58 | D6: 120 | E6: =D6*$H$2 -> 12 | F6: =C6*(D6+E6) -> 7656 | G6: =C6*1500 -> 87000 | H6: =F6+G6 -> 94656 | J6: Số ô không rỗng trong khối B4:D11 | M6: =COUNTA(B4:D11) -> 22
A7: 4 | B7: B1 | C7: 79 | D7: 850 | E7: =D7*$H$2 -> 85 | F7: =C7*(D7+E7) -> 73865 | G7: =C7*1500 -> 118500 | H7: =F7+G7 -> 192365
A8: 5 | B8: B2 | C8: 92 | D8: 200 | E8: =D8*$H$2 -> 20 | F8: =C8*(D8+E8) -> 20240 | G8: =C8*1500 -> 138000 | H8: =F8+G8 -> 158240 | J8: Số ô rỗng trong khối B4:D11 | M8: =COUNTBLANK(B4:D11) -> 2
A9: 6 | B9: B3 | C9: 220 | D9: 250 | E9: =D9*$H$2 -> 25 | F9: =C9*(D9+E9) -> 60500 | G9: =C9*1500 -> 330000 | H9: =F9+G9 -> 390500
A10: 7 | B10: B4 | C10: 199 | D10: 600 | E10: =D10*$H$2 -> 60 | F10: =C10*(D10+E10) -> 131340 | G10: =C10*1500 -> 298500 | H10: =F10+G10 -> 429840 | J10: Số ô chỉ chứa chuỗi trong khối B4:D11 | M10: =SUMPRODUCT(--ISTEXT(B4:D11)) -> 8
B11: TONG CONG | E11: =SUM(E4:E10) -> 257 | F11: =SUM(F4:F10) -> 345851 | G11: =SUM(G4:G10) -> 1197000 | H11: =SUM(H4:H10) -> 1542851

Sheet bai 4
A1: BẢNG KÊ LỢI NHUẬN TRONG NĂM 2015 | K1: BẢNG THỐNG KÊ NĂM 2015
A2: STT | B2: MÃ HÀNG | C2: THÁNG 1 | D2: THÁNG 2 | E2: THÁNG 3 | F2: THÁNG 4 | G2: THÁNG 5 | H2: THÁNG 6 | L2: THÁNG 1 | M2: THÁNG 2 | N2: THÁNG 3 | O2: THÁNG 4 | P2: THÁNG 5 | Q2: THÁNG 6
A3: 1 | B3: A1 | C3: -790 | D3: -550 | E3: 20 | F3: 50 | G3: 70 | H3: -370 | K3: Giá trị lỗ lớn nhất: | L3: =MIN(C3:C9) -> -920
A4: 2 | B4: A2 | C4: -290 | D4: -620 | E4: 120 | F4: -700 | G4: 520 | H4: 520 | K4: Giá trị lãi lớn nhất: | N4: =MAX(E3:E9) -> 840
A5: 3 | B5: A3 | C5: -920 | D5: -850 | E5: -890 | F5: -10 | G5: 430 | H5: -940 | K5: Giá trị lợi nhuận trung bình: | P5: =AVERAGE(G3:G9) -> 420
A6: 4 | B6: B1 | C6: -630 | D6: -550 | E6: 820 | F6: 550 | G6: 530 | H6: -280
A7: 5 | B7: B2 | C7: 230 | D7: 60 | E7: 840 | F7: -590 | G7: 740 | H7: 540
A8: 6 | B8: B3 | C8: -760 | D8: -560 | E8: 540 | F8: 200 | G8: -40 | H8: -710
A9: 7 | B9: B4 | C9: 350 | D9: -760 | E9: -390 | F9: -550 | G9: 690 | H9: 520
A14: BẢNG KÊ LỢI NHUẬN TRONG NĂM 2016
A15: STT | B15: MÃ HÀNG | C15: THÁNG 1 | D15: THÁNG 2 | E15: THÁNG 3 | F15: THÁNG 4 | G15: THÁNG 5 | H15: THÁNG 6
A16: 1 | B16: A1 | C16: -780 | D16: -540 | E16: 30 | F16: 60 | G16: 80 | H16: -360
A17: 2 | B17: A2 | C17: -280 | D17: -610 | E17: 130 | F17: -690 | G17: 530 | H17: 530
A18: 3 | B18: A3 | C18: -910 | D18: -840 | E18: -880 | F18: 0 | G18: 440 | H18: -930
A19: 4 | B19: B1 | C19: -620 | D19: -540 | E19: 830 | F19: 560 | G19: 540 | H19: -270
A20: 5 | B20: B2 | C20: 240 | D20: 70 | E20: 850 | F20: -580 | G20: 750 | H20: 550
A21: 6 | B21: B3 | C21: -750 | D21: -550 | E21: 550 | F21: 210 | G21: -30 | H21: -700
A22: 7 | B22: B4 | C22: 360 | D22: -750 | E22: -380 | F22: -540 | G22: 700 | H22: 530

Sheet bai 5
A1: BẢNG KÊ TỔNG LỢI NHUẬN TRONG 2 NĂM
A2: STT | B2: MÃ HÀNG | C2: THÁNG 1 | D2: THÁNG 2 | E2: THÁNG 3 | F2: THÁNG 4 | G2: THÁNG 5 | H2: THÁNG 6
A3: 1 | B3: A1 | C3: ='bai 4'!C3+'bai 4'!C16 -> -1570 | D3: ='bai 4'!D3+'bai 4'!D16 -> -1090 | E3: ='bai 4'!E3+'bai 4'!E16 -> 50 | F3: ='bai 4'!F3+'bai 4'!F16 -> 110 | G3: ='bai 4'!G3+'bai 4'!G16 -> 150 | H3: ='bai 4'!H3+'bai 4'!H16 -> -730
A4: 2 | B4: A2 | C4: ='bai 4'!C4+'bai 4'!C17 -> -570 | D4: ='bai 4'!D4+'bai 4'!D17 -> -1230 | E4: ='bai 4'!E4+'bai 4'!E17 -> 250 | F4: ='bai 4'!F4+'bai 4'!F17 -> -1390 | G4: ='bai 4'!G4+'bai 4'!G17 -> 1050 | H4: ='bai 4'!H4+'bai 4'!H17 -> 1050
A5: 3 | B5: A3 | C5: ='bai 4'!C5+'bai 4'!C18 -> -1830 | D5: ='bai 4'!D5+'bai 4'!D18 -> -1690 | E5: ='bai 4'!E5+'bai 4'!E18 -> -1770 | F5: ='bai 4'!F5+'bai 4'!F18 -> -10 | G5: ='bai 4'!G5+'bai 4'!G18 -> 870 | H5: ='bai 4'!H5+'bai 4'!H18 -> -1870
A6: 4 | B6: B1 | C6: ='bai 4'!C6+'bai 4'!C19 -> -1250 | D6: ='bai 4'!D6+'bai 4'!D19 -> -1090 | E6: ='bai 4'!E6+'bai 4'!E19 -> 1650 | F6: ='bai 4'!F6+'bai 4'!F19 -> 1110 | G6: ='bai 4'!G6+'bai 4'!G19 -> 1070 | H6: ='bai 4'!H6+'bai 4'!H19 -> -550
A7: 5 | B7: B2 | C7: ='bai 4'!C7+'bai 4'!C20 -> 470 | D7: ='bai 4'!D7+'bai 4'!D20 -> 130 | E7: ='bai 4'!E7+'bai 4'!E20 -> 1690 | F7: ='bai 4'!F7+'bai 4'!F20 -> -1170 | G7: ='bai 4'!G7+'bai 4'!G20 -> 1490 | H7: ='bai 4'!H7+'bai 4'!H20 -> 1090
A8: 6 | B8: B3 | C8: ='bai 4'!C8+'bai 4'!C21 -> -1510 | D8: ='bai 4'!D8+'bai 4'!D21 -> -1110 | E8: ='bai 4'!E8+'bai 4'!E21 -> 1090 | F8: ='bai 4'!F8+'bai 4'!F21 -> 410 | G8: ='bai 4'!G8+'bai 4'!G21 -> -70 | H8: ='bai 4'!H8+'bai 4'!H21 -> -1410
A9: 7 | B9: B4 | C9: ='bai 4'!C9+'bai 4'!C22 -> 710 | D9: ='bai 4'!D9+'bai 4'!D22 -> -1510 | E9: ='bai 4'!E9+'bai 4'!E22 -> -770 | F9: ='bai 4'!F9+'bai 4'!F22 -> -1090 | G9: ='bai 4'!G9+'bai 4'!G22 -> 1390 | H9: ='bai 4'!H9+'bai 4'!H22 -> 1050

Sheet PhieuGN
A3: PHIẾU GIAO NHẬN
A5: STT | B5: SỐ HÓA ĐƠN | C5: MÃ SP | D5: TÊN SP | E5: NGÀY ĐẶT HÀNG | F5: NGÀY GIAO HÀNG | G5: MÃ NƠI ĐẶT HÀNG | H5: NƠI ĐẶT HÀNG | I5: PHƯƠNG PHÁP VẬN CHUYỂN | J5: SỐ LƯỢNG | K5: ĐƠN GIÁ | L5: KHUYẾN MÃI | M5: THÀNH TIỀN
A6: 1 | B6: 001 | C6: XB | D6: Xà bông | E6: 42380 | F6: 42385 | G6: A | H6: Trong TP | I6: Xe máy | J6: 4 | K6: 4200 | L6: 0 | M6: 16800
A7: 2 | B7: 002 | C7: BN | D7: Bột ngọt | E7: 42387 | F7: 42392 | G7: C | H7: Tỉnh MN | I7: Xe tải | J7: 36 | K7: 2500 | L7: 5 | M7: 77500
A8: 3 | B8: 003 | C8: C | D8: Cà phê | E8: 42387 | F8: 42399 | G8: B | H8: Ngoài TP | I8: Xe bán tải | J8: 39 | K8: 3000 | L8: 5 | M8: 102000
A9: 4 | B9: 004 | C9: XB | D9: Xà bông | E9: 42394 | F9: 42403 | G9: A | H9: Trong TP | I9: Xe máy | J9: 25 | K9: 4200 | L9: 5 | M9: 84000
A10: 5 | B10: 005 | C10: BN | D10: Bột ngọt | E10: 42395 | F10: 42405 | G10: B | H10: Ngoài TP | I10: Xe bán tải | J10: 11 | K10: 2500 | L10: 2 | M10: 22500
A11: 6 | B11: 006 | C11: T | D11: Trà lài | E11: 42399 | F11: 42407 | G11: C | H11: Tỉnh MN | I11: Xe tải | J11: 30 | K11: 1000 | L11: 5 | M11: 25000
A12: 7 | B12: 007 | C12: C | D12: Cà phê | E12: 42403 | F12: 42409 | G12: A | H12: Trong TP | I12: Xe máy | J12: 43 | K12: 3000 | L12: 5 | M12: 114000
A13: 8 | B13: 008 | C13: S | D13: Súp Knor | E13: 42407 | F13: 42411 | G13: A | H13: Trong TP | I13: Xe máy | J13: 34 | K13: 4350 | L13: 5 | M13: 126150
A14: 9 | B14: 009 | C14: G | D14: Gạo | E14: 42409 | F14: 42413 | G14: D | H14: Tỉnh MB | I14: Xe lửa | J14: 18 | K14: 1600 | L14: 3 | M14: 24000
A15: 10 | B15: 010 | C15: T | D15: Trà lài | E15: 42415 | F15: 42415 | G15: C | H15: Tỉnh MN | I15: Xe tải | J15: 4 | K15: 1000 | L15: 0 | M15: 4000
A16: 11 | B16: 011 | C16: G | D16: Gạo | E16: 42418 | F16: 42426 | G16: B | H16: Ngoài TP | I16: Xe bán tải | J16: 7 | K16: 1600 | L16: 1 | M16: 9600
A17: 12 | B17: 012 | C17: D | D17: Đường | E17: 42437 | F17: 42443 | G17: D | H17: Tỉnh MB | I17: Xe lửa | J17: 45 | K17: 5000 | L17: 5 | M17: 200000
... A35: 30 | B35: 030 | C35: C | D35: Cà phê | E35: 42578 | F35: 42582 | G35: C | H35: Tỉnh MN | I35: Xe tải | J35: 30 | K35: 3000 | L35: 5 | M35: 75000

Sheet bai 6
A1: MÃ HÀNG | B1: TÊN HÀNG | C1: TÊN HÀNG ĐÚNG | D1: KÝ TỰ ĐẦU | E1: KÝ TỰ CUỐI | F1: KÝ TỰ THỨ 2 | G1: 2 KÝ TỰ 3 VÀ 4 | H1: NỐI KÝ TỰ ĐẦU VÀ CUỐI | I1: CHIỀU DÀI CHUỖI
A2: AS0123 | B2: tivi a | C2: =PROPER(B2) -> Tivi A | D2: =LEFT(A2,1) -> A | E2: =RIGHT(A2,1) -> 3 | F2: =MID(A2,2,1) -> S | G2: =MID(A2,3,2) -> 01 | H2: =LEFT(A2,1)&RIGHT(A2,1) -> A3 | I2: =LEN(A2) -> 6
A3: AL1342 | B3: tủ lạnh x | C3: =PROPER(B3) -> Tủ Lạnh X | D3: =LEFT(A3,1) -> A | E3: =RIGHT(A3,1) -> 2 | F3: =MID(A3,2,1) -> L | G3: =MID(A3,3,2) -> 13 | H3: =LEFT(A3,1)&RIGHT(A3,1) -> A2 | I3: =LEN(A3) -> 6
A4: AS2043 | B4: máy giặt a | C4: =PROPER(B4) -> Máy Giặt A | D4: =LEFT(A4,1) -> A | E4: =RIGHT(A4,1) -> 3 | F4: =MID(A4,2,1) -> S | G4: =MID(A4,3,2) -> 20 | H4: =LEFT(A4,1)&RIGHT(A4,1) -> A3 | I4: =LEN(A4) -> 6
A5: BS2341 | B5: tivi b | C5: =PROPER(B5) -> Tivi B | D5: =LEFT(A5,1) -> B | E5: =RIGHT(A5,1) -> 1 | F5: =MID(A5,2,1) -> S | G5: =MID(A5,3,2) -> 23 | H5: =LEFT(A5,1)&RIGHT(A5,1) -> B1 | I5: =LEN(A5) -> 6
A6: BL0122 | B6: tivi b | C6: =PROPER(B6) -> Tivi B | D6: =LEFT(A6,1) -> B | E6: =RIGHT(A6,1) -> 2 | F6: =MID(A6,2,1) -> L | G6: =MID(A6,3,2) -> 01 | H6: =LEFT(A6,1)&RIGHT(A6,1) -> B2 | I6: =LEN(A6) -> 6
A7: BL1233 | B7: máy giặt b | C7: =PROPER(B7) -> Máy Giặt B | D7: =LEFT(A7,1) -> B | E7: =RIGHT(A7,1) -> 3 | F7: =MID(A7,2,1) -> L | G7: =MID(A7,3,2) -> 12 | H7: =LEFT(A7,1)&RIGHT(A7,1) -> B3 | I7: =LEN(A7) -> 6
A8: CS1234 | B8: tủ lạnh y | C8: =PROPER(B8) -> Tủ Lạnh Y | D8: =LEFT(A8,1) -> C | E8: =RIGHT(A8,1) -> 4 | F8: =MID(A8,2,1) -> S | G8: =MID(A8,3,2) -> 12 | H8: =LEFT(A8,1)&RIGHT(A8,1) -> C4 | I8: =LEN(A8) -> 6

Sheet bai 7
B1: DANH MỤC HÀNG BÁN
C2: Ngày Tháng Năm Hiện Tại | D2: =TODAY() -> 46318
C3: Ngày Hiện Tại | D3: =DAY(TODAY()) -> 23
C4: Tháng Hiện Tại | D4: =MONTH(TODAY()) -> 10
C5: Năm Hiện Tại | D5: =YEAR(TODAY()) -> 2026
J6: 22000
B7: Mã hàng | C7: Mã QG | D7: Ngày bán | I7: Tên hàng | J7: Đơn vị tính | K7: Xuất xứ | L7: Số lượng | M7: Trị giá | N7: Phí vận chuyển | O7: Thành tiền
B8: TR20T | C8: AU | D8: 41368 | I8: =VLOOKUP(LEFT(B8,4), $B$17:$E$21,2,0) -> Thép tròn 20mm | J8: =VLOOKUP(LEFT(B8,4), $B$17:$E$21,3,0) -> Tấn | K8: =HLOOKUP(C8,$H$17:$K$19,2,0) -> Australia | L8: 55 | M8: =VLOOKUP(LEFT(B8,4), $B$17:$E$21,4,0)*L8 -> 24750 | N8: =HLOOKUP(C8,$H$17:$K$19,3,0)*L8 -> 6600 | O8: =(M8+N8)*IF(MONTH(D8)=4,1-10%,1) -> 28215
B9: TA10C | C9: KO | D9: 41744 | I9: =VLOOKUP(LEFT(B9,4), $B$17:$E$21,2,0) -> Thép tấm 10mm | J9: =VLOOKUP(LEFT(B9,4), $B$17:$E$21,3,0) -> Tấm | K9: =HLOOKUP(C9,$H$17:$K$19,2,0) -> Korea | L9: 35 | M9: =VLOOKUP(LEFT(B9,4), $B$17:$E$21,4,0)*L9 -> 24500 | N9: =HLOOKUP(C9,$H$17:$K$19,3,0)*L9 -> 3500 | O9: =(M9+N9)*IF(MONTH(D9)=4,1-10%,1) -> 25200
B10: TR20T | C10: AU | D10: 41753 | I10: =VLOOKUP(LEFT(B10,4), $B$17:$E$21,2,0) -> Thép tròn 20mm | J10: =VLOOKUP(LEFT(B10,4), $B$17:$E$21,3,0) -> Tấn | K10: =HLOOKUP(C10,$H$17:$K$19,2,0) -> Australia | L10: 36 | M10: =VLOOKUP(LEFT(B10,4), $B$17:$E$21,4,0)*L10 -> 16200 | N10: =HLOOKUP(C10,$H$17:$K$19,3,0)*L10 -> 4320 | O10: =(M10+N10)*IF(MONTH(D10)=4,1-10%,1) -> 18468
B11: GO55C | C11: GE | D11: 41275 | I11: =VLOOKUP(LEFT(B11,4), $B$17:$E$21,2,0) -> Thép góc 5x5mm | J11: =VLOOKUP(LEFT(B11,4), $B$17:$E$21,3,0) -> Chục | K11: =HLOOKUP(C11,$H$17:$K$19,2,0) -> Germany | L11: 70 | M11: =VLOOKUP(LEFT(B11,4), $B$17:$E$21,4,0)*L11 -> 36400 | N11: =HLOOKUP(C11,$H$17:$K$19,3,0)*L11 -> 10500 | O11: =(M11+N11)*IF(MONTH(D11)=4,1-10%,1) -> 46900
B12: TA10C | C12: KO | D12: 41771 | I12: =VLOOKUP(LEFT(B12,4), $B$17:$E$21,2,0) -> Thép tấm 10mm | J12: =VLOOKUP(LEFT(B12,4), $B$17:$E$21,3,0) -> Tấm | K12: =HLOOKUP(C12,$H$17:$K$19,2,0) -> Korea | L12: 45 | M12: =VLOOKUP(LEFT(B12,4), $B$17:$E$21,4,0)*L12 -> 31500 | N12: =HLOOKUP(C12,$H$17:$K$19,3,0)*L12 -> 4500 | O12: =(M12+N12)*IF(MONTH(D12)=4,1-10%,1) -> 36000
B13: GO55T | C13: GE | D13: 41418 | I13: =VLOOKUP(LEFT(B13,4), $B$17:$E$21,2,0) -> Thép góc 5x5mm | J13: =VLOOKUP(LEFT(B13,4), $B$17:$E$21,3,0) -> Chục | K13: =HLOOKUP(C13,$H$17:$K$19,2,0) -> Germany | L13: 12 | M13: =VLOOKUP(LEFT(B13,4), $B$17:$E$21,4,0)*L13 -> 6240 | N13: =HLOOKUP(C13,$H$17:$K$19,3,0)*L13 -> 1800 | O13: =(M13+N13)*IF(MONTH(D13)=4,1-10%,1) -> 8040
B14: TA10T | C14: KO | D14: 42005 | I14: =VLOOKUP(LEFT(B14,4), $B$17:$E$21,2,0) -> Thép tấm 10mm | J14: =VLOOKUP(LEFT(B14,4), $B$17:$E$21,3,0) -> Tấm | K14: =HLOOKUP(C14,$H$17:$K$19,2,0) -> Korea | L14: 60 | M14: =VLOOKUP(LEFT(B14,4), $B$17:$E$21,4,0)*L14 -> 42000 | N14: =HLOOKUP(C14,$H$17:$K$19,3,0)*L14 -> 6000 | O14: =(M14+N14)*IF(MONTH(D14)=4,1-10%,1) -> 48000
B16: BẢNG 1 | I16: BẢNG 2
B17: 4 Ký tự đầu | C17: Tên hàng | D17: Đơn vị tính | E17: Đơn giá | H17: Mã QG | I17: AU | J17: KO | K17: GE
H18: Xuất xứ | I18: Australia | J18: Korea | K18: Germany
B19: TR20 | C19: Thép tròn 20mm | D19: Tấn | E19: 450 | H19: Giá VC | I19: 120 | J19: 100 | K19: 150
B20: TA10 | C20: Thép tấm 10mm | D20: Tấm | E20: 700
B21: GO55 | C21: Thép góc 5x5mm | D21: Chục | E21: 520
E30: Thành Tiền= Trị Giá+Phí Vận Chuyển, nhưng giảm: 10% cho những mặt hàng nào bán vào năm 2013, 15% cho những măt hàng nào bán vào tháng 4 năm 2014 và 20% cho những mặt hàng nào bán vào ngày 1/1/2015

Sheet KETQUA
A1: Hình phần II câu 4 a
A21: Hình phần II câu 4 b
