Workbook
Name DATA: '2016'!$C$3:$H$9

Sheet Yeu cau
A2: Yêu cầu:
B4: Tạo thư mục <HOTEN_MSSV> để lưu các tập tin, nén thư mục này và nộp lên hệ thống Elearning
B5: Chỉ thực hiện các yêu cầu trong trang tính này. Các trang tính khác dùng để hỗ trợ.
A6: I.- | B6: Trong trang tính bai 1 thực hiện các yêu cầu sau:
B7: 1/ | C7: Điền số thứ tự cho các cột STT (A4:A10 và K4:K10) (autofill).
B8: 2/ | C8: Trị giá = Số lượng * Đơn giá.
B9: 3/ | C9: Thuế = Trị giá * 5%.
B10: 4/ | C10: Cước chuyên chở = Số lượng * 1500.
B11: 5/ | C11: Cộng USD = Trị giá + Thuế + Cước chuyên chở.
B12: 6/ | C12: Cộng VNĐ được qui đổi dựa vào cột Cộng USD và Tỉ giá..
B13: 7/ | C13: Tổng lợi nhuận THÁNG 1 của từng mặt hàng được tính bằng lợi nhuận tháng 1 trong các năm 2014, 2015 và 2016 của mặt hàng tương ứng.
B14: 8/ | C14: Sao chép công thức sao cho có thể xác định được tổng lợi nhuận của từng mặt hàng trong từng tháng của cả 3 năm.
B15: 9/ | C15: Tính tổng lợi nhuận cho từng tháng của tất cả các mặt hàng.
B16: 10/ | C16: Xác định giá trị lỗ lớn nhất của tất cả các mặt hàng trong tháng 1.
B17: 11/ | C17: Xác định giá trị lãi lớn nhất của tất cả các mặt hàng trong tháng 3.
B18: 12/ | C18: Xác định giá trị lợi nhuận trung bình của tất cả các mặt hàng trong tháng 5.
B19: 13/ | C19: Lưu tập tin.
A20: II.- | B20: Trong trang tính 2016 thực hiện các yêu cầu sau:
B21: 1/ | C21: Đặt tên cho khối ô C3:H9 là DATA.
B22: 2/ | C22: Sử dụng tên khối DATA, xác định tổng lợi nhuận của tất cả các mặt hàng trong tất cả các tháng.
B23: 3/ | C23: Sử dụng tên khối DATA, xác định giá trị lợi nhuận lớn nhất của tất cả các mặt hàng trong tất cả các tháng
B24: 4/ | C24: Sử dụng tên khối DATA, xác định giá trị lợi nhuận trung bình của tất cả các mặt hàng trong tất cả các tháng
B25: 5/ | C25: Hiển thị các công thức thay vì giá trị của công thức.
B26: 6/ | C26: Lưu tập tin.

Sheet Question
A2: Requirements:
B4: Create a folder named <HOTEN_MSSV_NHOM> to save the files after finishing the tasks,
B5: sau khi làm xong BT, nén thư mục lại và chuyển lên hệ thống elearning. | C5: archive the folder to a rar file and upload the archived file to the Elearning site.
B6: Only perform the tasks on this sheet. Other sheets are for support.
A8: I.- | B8: In the bai 1 worksheet, perform the following tasks:
B9: 1/ | C9: Fill series to the STT column (A4:A10 and K4:K10).
B10: 2/ | C10: Trị giá = Số lượng * Đơn giá.
B11: 3/ | C11: Thuế = Trị giá * 5%.
B12: 4/ | C12: Cước chuyên chở = Số lượng * 1500.
B13: 5/ | C13: Cộng USD = Trị giá + Thuế + Cước chuyên chở.
B14: 6/ | C14: Cộng VNĐ are converted based on columns Cộng USD and Tỉ giá.
C15: Cộng VNĐ = Cộng USD * Tỉ giá.
B16: 7/ | C16: The January profit of each item is calculated by adding its January profit in 2014, 2015 and 2016 together.
B17: 8/ | C17: Copy the formula so that it can show the total profit of each item in each month of the whole 3 years.
B18: 9/ | C18: Calculate the total profit of all items in all months.
B19: 10/ | C19: Calculate the biggest lost value of Tháng 1.
B20: 11/ | C20: Calculate the biggest profit value of Tháng 3.
B21: 12/ | C21: Calculate the average profit value of Tháng 5.
B22: 13/ | C22: Save the file.
A23: II.- | B23: In the 2016 worksheet, perform the following tasks:
B24: 1/ | C24: Name the C3:H9 range DATA.
B25: 2/ | C25: Use the DATA range name, calculate the total profit of all items in all months.
B26: 3/ | C26: Use the DATA range name, calculate the max profit of all items in all months.
B27: 4/ | C27: Use the DATA range name, calculate the average profit of all items in all months.
B28: 5/ | C28: Display formulas instead of the values of formulas.
B29: 6/ | C29: Save the file.

Sheet bai 1
A1: BẢNG KÊ DOANH THU TRONG NĂM 2016 | K1: BẢNG KÊ TỔNG LỢI NHUẬN TRONG 3 NĂM
G2: Tỉ giá: | H2: 21000
A3: S T T | B3: Mã hàng | C3: SỐ LƯỢNG | D3: ĐƠN GIÁ | E3: TRỊ GIÁ | F3: THUẾ | G3: CƯỚC CHUYÊN CHỞ | H3: CỘNG USD | I3: CỘNG VNĐ | K3: S T T | L3: Mã hàng | M3: THÁNG 1 | N3: THÁNG 2 | O3: THÁNG 3 | P3: THÁNG 4 | Q3: THÁNG 5 | R3: THÁNG 6
A4: 1 | B4: A1 | C4: 100 | D4: 400 | E4: =C4*D4 -> 40000 | F4: =E4*5% -> 2000 | G4: =C4*1500 -> 150000 | H4: =E4+F4+G4 -> 192000 | I4: =H4*$H$2 -> 4032000000 | K4: 1 | L4: A1 | M4: ='2016'!C3+'2015'!C3+'2014'!C3 -> -800 | N4: ='2016'!D3+'2015'!D3+'2014'!D3 -> -770 | O4: ='2016'!E3+'2015'!E3+'2014'!E3 -> 130 | P4: ='2016'!F3+'2015'!F3+'2014'!F3 -> -1300 | Q4: ='2016'!G3+'2015'!G3+'2014'!G3 -> 170 | R4: ='2016'!H3+'2015'!H3+'2014'!H3 -> 470
A5: 2 | B5: A2 | C5: 50 | D5: 150 | E5: =C5*D5 -> 7500 | F5: =E5*5% -> 375 | G5: =C5*1500 -> 75000 | H5: =E5+F5+G5 -> 82875 | I5: =H5*$H$2 -> 1740375000 | K5: 2 | L5: A2 | M5: ='2016'!C4+'2015'!C4+'2014'!C4 -> -130 | N5: ='2016'!D4+'2015'!D4+'2014'!D4 -> -860 | O5: ='2016'!E4+'2015'!E4+'2014'!E4 -> -850 | P5: ='2016'!F4+'2015'!F4+'2014'!F4 -> 110 | Q5: ='2016'!G4+'2015'!G4+'2014'!G4 -> -380 | R5: ='2016'!H4+'2015'!H4+'2014'!H4 -> 570
A6: 3 | B6: A3 | C6: 58 | D6: 120 | E6: =C6*D6 -> 6960 | F6: =E6*5% -> 348 | G6: =C6*1500 -> 87000 | H6: =E6+F6+G6 -> 94308 | I6: =H6*$H$2 -> 1980468000 | K6: 3 | L6: A3 | M6: ='2016'!C5+'2015'!C5+'2014'!C5 -> 82 | N6: ='2016'!D5+'2015'!D5+'2014'!D5 -> -320 | O6: ='2016'!E5+'2015'!E5+'2014'!E5 -> -1700 | P6: ='2016'!F5+'2015'!F5+'2014'!F5 -> -20 | Q6: ='2016'!G5+'2015'!G5+'2014'!G5 -> -310 | R6: ='2016'!H5+'2015'!H5+'2014'!H5 -> -1770
A7: 4 | B7: B1 | C7: 79 | D7: 850 | E7: =C7*D7 -> 67150 | F7: =E7*5% -> 3357.5 | G7: =C7*1500 -> 118500 | H7: =E7+F7+G7 -> 189007.5 | I7: =H7*$H$2 -> 3969157500 | K7: 4 | L7: B1 | M7: ='2016'!C6+'2015'!C6+'2014'!C6 -> 531 | N7: ='2016'!D6+'2015'!D6+'2014'!D6 -> -200 | O7: ='2016'!E6+'2015'!E6+'2014'!E6 -> 1460 | P7: ='2016'!F6+'2015'!F6+'2014'!F6 -> -270 | Q7: ='2016'!G6+'2015'!G6+'2014'!G6 -> 680 | R7: ='2016'!H6+'2015'!H6+'2014'!H6 -> -1140
A8: 5 | B8: B2 | C8: 92 | D8: 200 | E8: =C8*D8 -> 18400 | F8: =E8*5% -> 920 | G8: =C8*1500 -> 138000 | H8: =E8+F8+G8 -> 157320 | I8: =H8*$H$2 -> 3303720000 | K8: 5 | L8: B2 | M8: ='2016'!C7+'2015'!C7+'2014'!C7 -> 18 | N8: ='2016'!D7+'2015'!D7+'2014'!D7 -> 900 | O8: ='2016'!E7+'2015'!E7+'2014'!E7 -> -70 | P8: ='2016'!F7+'2015'!F7+'2014'!F7 -> -390 | Q8: ='2016'!G7+'2015'!G7+'2014'!G7 -> 550 | R8: ='2016'!H7+'2015'!H7+'2014'!H7 -> -240
A9: 6 | B9: B3 | C9: 220 | D9: 250 | E9: =C9*D9 -> 55000 | F9: =E9*5% -> 2750 | G9: =C9*1500 -> 330000 | H9: =E9+F9+G9 -> 387750 | I9: =H9*$H$2 -> 8142750000 | K9: 6 | L9: B3 | M9: ='2016'!C8+'2015'!C8+'2014'!C8 -> -270 | N9: ='2016'!D8+'2015'!D8+'2014'!D8 -> -320 | O9: ='2016'!E8+'2015'!E8+'2014'!E8 -> 590 | P9: ='2016'!F8+'2015'!F8+'2014'!F8 -> -70 | Q9: ='2016'!G8+'2015'!G8+'2014'!G8 -> -400 | R9: ='2016'!H8+'2015'!H8+'2014'!H8 -> -50
A10: 7 | B10: B4 | C10: 199 | D10: 600 | E10: =C10*D10 -> 119400 | F10: =E10*5% -> 5970 | G10: =C10*1500 -> 298500 | H10: =E10+F10+G10 -> 423870 | I10: =H10*$H$2 -> 8901270000 | K10: 7 | L10: B4 | M10: ='2016'!C9+'2015'!C9+'2014'!C9 -> 721 | N10: ='2016'!D9+'2015'!D9+'2014'!D9 -> -2040 | O10: ='2016'!E9+'2015'!E9+'2014'!E9 -> -640 | P10: ='2016'!F9+'2015'!F9+'2014'!F9 -> -480 | Q10: ='2016'!G9+'2015'!G9+'2014'!G9 -> 610 | R10: ='2016'!H9+'2015'!H9+'2014'!H9 -> 350
K11: TỔNG | M11: =SUM(M4:M10) -> 152 | N11: =SUM(N4:N10) -> -3610 | O11: =SUM(O4:O10) -> -1080 | P11: =SUM(P4:P10) -> -2420 | Q11: =SUM(Q4:Q10) -> 920 | R11: =SUM(R4:R10) -> -1810
M12: =MIN(M4:M10) -> -800 | O12: =MAX(O4:O10) -> 1460 | Q12: =AVERAGE(Q4:Q10) -> 131.42857

Sheet 2016
A1: BẢNG KÊ LỢI NHUẬN TRONG NĂM 2016
A2: STT | B2: Mã hàng | C2: THÁNG 1 | D2: THÁNG 2 | E2: THÁNG 3 | F2: THÁNG 4 | G2: THÁNG 5 | H2: THÁNG 6
B3: A1 | C3: 820 | D3: 150 | E3: -410 | F3: -350 | G3: -210 | H3: 30
B4: A2 | C4: 440 | D4: 320 | E4: -90 | F4: 80 | G4: -350 | H4: -90
B5: A3 | C5: 332 | D5: 300 | E5: 120 | F5: 220 | G5: 230 | H5: 160
B6: B1 | C6: 591 | D6: -580 | E6: 520 | F6: 100 | G6: 370 | H6: 30
B7: B2 | C7: -42 | D7: 440 | E7: -490 | F7: -40 | G7: -100 | H7: 170
B8: B3 | C8: 60 | D8: 120 | E8: 210 | F8: 320 | G8: 490 | H8: 740
B9: B4 | C9: 751 | D9: -370 | E9: 490 | F9: 380 | G9: 190 | H9: -90
C13: Tổng lợi nhuận của tất cả các mặt hàng trong tất cả các tháng: | I13: =SUM(DATA) -> 5962
C15: Lợi nhuận lớn nhất của tất cả các mặt hàng trong tất cả các tháng: | I15: =MAX(DATA) -> 820
C17: Lợi nhuận trung bình của tất cả các mặt hàng trong tất cả các tháng: | I17: =AVERAGE(DATA) -> 141.95238

Sheet 2015
A1: BẢNG KÊ LỢI NHUẬN TRONG NĂM 2015
A2: STT | B2: Mã hàng | C2: THÁNG 1 | D2: THÁNG 2 | E2: THÁNG 3 | F2: THÁNG 4 | G2: THÁNG 5 | H2: THÁNG 6
B3: A1 | C3: -790 | D3: -550 | E3: 20 | F3: 50 | G3: 70 | H3: -370
B4: A2 | C4: -290 | D4: -620 | E4: 120 | F4: -700 | G4: 520 | H4: 520
B5: A3 | C5: -920 | D5: -850 | E5: -890 | F5: -10 | G5: 430 | H5: -940
B6: B1 | C6: -630 | D6: -550 | E6: 820 | F6: 550 | G6: 530 | H6: -280
B7: B2 | C7: 230 | D7: 60 | E7: 840 | F7: -590 | G7: 740 | H7: 540
B8: B3 | C8: -760 | D8: -560 | E8: 540 | F8: 200 | G8: -40 | H8: -710
B9: B4 | C9: 350 | D9: -760 | E9: -390 | F9: -550 | G9: 690 | H9: 520

Sheet 2014
A1: BẢNG KÊ LỢI NHUẬN TRONG NĂM 2014
A2: STT | B2: Mã hàng | C2: THÁNG 1 | D2: THÁNG 2 | E2: THÁNG 3 | F2: THÁNG 4 | G2: THÁNG 5 | H2: THÁNG 6
B3: A1 | C3: -830 | D3: -370 | E3: 520 | F3: -1000 | G3: 310 | H3: 810
B4: A2 | C4: -280 | D4: -560 | E4: -880 | F4: 730 | G4: -550 | H4: 140
B5: A3 | C5: 670 | D5: 230 | E5: -930 | F5: -230 | G5: -970 | H5: -990
B6: B1 | C6: 570 | D6: 930 | E6: 120 | F6: -920 | G6: -220 | H6: -890
B7: B2 | C7: -170 | D7: 400 | E7: -420 | F7: 240 | G7: -90 | H7: -950
B8: B3 | C8: 430 | D8: 120 | E8: -160 | F8: -590 | G8: -850 | H8: -80
B9: B4 | C9: -380 | D9: -910 | E9: -740 | F9: -310 | G9: -270 | H9: -80
